voter_id,precinct_id,display_name,eligibility_status,is_synthetic,synthetic_sequence
PH-SYN-VOTER-00000001,CP-PH-R01-P01-C01-B01-001,Synthetic Voter 00000001,ELIGIBLE,true,1
PH-SYN-VOTER-00000002,CP-PH-R01-P01-C01-B01-001,Synthetic Voter 00000002,ELIGIBLE,true,2
PH-SYN-VOTER-00000003,CP-PH-R01-P01-C01-B01-001,Synthetic Voter 00000003,ELIGIBLE,true,3
PH-SYN-VOTER-00000004,CP-PH-R01-P01-C01-B01-001,Synthetic Voter 00000004,ELIGIBLE,true,4
PH-SYN-VOTER-00000005,CP-PH-R01-P01-C01-B01-001,Synthetic Voter 00000005,ELIGIBLE,true,5
PH-SYN-VOTER-00000006,CP-PH-R01-P01-C01-B01-001,Synthetic Voter 00000006,ELIGIBLE,true,6
PH-SYN-VOTER-00000007,CP-PH-R01-P01-C01-B01-001,Synthetic Voter 00000007,ELIGIBLE,true,7
PH-SYN-VOTER-00000008,CP-PH-R01-P01-C01-B01-001,Synthetic Voter 00000008,ELIGIBLE,true,8
PH-SYN-VOTER-00000009,CP-PH-R01-P01-C01-B01-001,Synthetic Voter 00000009,ELIGIBLE,true,9
PH-SYN-VOTER-00000010,CP-PH-R01-P01-C01-B01-001,Synthetic Voter 00000010,ELIGIBLE,true,10
PH-SYN-VOTER-00000011,CP-PH-R01-P01-C01-B01-001,Synthetic Voter 00000011,ELIGIBLE,true,11
PH-SYN-VOTER-00000012,CP-PH-R01-P01-C01-B01-001,Synthetic Voter 00000012,ELIGIBLE,true,12
PH-SYN-VOTER-00000013,CP-PH-R01-P01-C01-B01-001,Synthetic Voter 00000013,ELIGIBLE,true,13
PH-SYN-VOTER-00000014,CP-PH-R01-P01-C01-B01-001,Synthetic Voter 00000014,ELIGIBLE,true,14
PH-SYN-VOTER-00000015,CP-PH-R01-P01-C01-B01-001,Synthetic Voter 00000015,ELIGIBLE,true,15
PH-SYN-VOTER-00000016,CP-PH-R01-P01-C01-B01-001,Synthetic Voter 00000016,ELIGIBLE,true,16
PH-SYN-VOTER-00000017,CP-PH-R01-P01-C01-B01-001,Synthetic Voter 00000017,ELIGIBLE,true,17
PH-SYN-VOTER-00000018,CP-PH-R01-P01-C01-B01-001,Synthetic Voter 00000018,ELIGIBLE,true,18
PH-SYN-VOTER-00000019,CP-PH-R01-P01-C01-B01-001,Synthetic Voter 00000019,ELIGIBLE,true,19
PH-SYN-VOTER-00000020,CP-PH-R01-P01-C01-B01-001,Synthetic Voter 00000020,ELIGIBLE,true,20
PH-SYN-VOTER-00000021,CP-PH-R01-P01-C01-B01-001,Synthetic Voter 00000021,ELIGIBLE,true,21
PH-SYN-VOTER-00000022,CP-PH-R01-P01-C01-B01-001,Synthetic Voter 00000022,ELIGIBLE,true,22
PH-SYN-VOTER-00000023,CP-PH-R01-P01-C01-B01-001,Synthetic Voter 00000023,ELIGIBLE,true,23
PH-SYN-VOTER-00000024,CP-PH-R01-P01-C01-B01-001,Synthetic Voter 00000024,ELIGIBLE,true,24
PH-SYN-VOTER-00000025,CP-PH-R01-P01-C01-B01-001,Synthetic Voter 00000025,ELIGIBLE,true,25
PH-SYN-VOTER-00000026,CP-PH-R01-P01-C01-B01-002,Synthetic Voter 00000026,ELIGIBLE,true,1
PH-SYN-VOTER-00000027,CP-PH-R01-P01-C01-B01-002,Synthetic Voter 00000027,ELIGIBLE,true,2
PH-SYN-VOTER-00000028,CP-PH-R01-P01-C01-B01-002,Synthetic Voter 00000028,ELIGIBLE,true,3
PH-SYN-VOTER-00000029,CP-PH-R01-P01-C01-B01-002,Synthetic Voter 00000029,ELIGIBLE,true,4
PH-SYN-VOTER-00000030,CP-PH-R01-P01-C01-B01-002,Synthetic Voter 00000030,ELIGIBLE,true,5
PH-SYN-VOTER-00000031,CP-PH-R01-P01-C01-B01-002,Synthetic Voter 00000031,ELIGIBLE,true,6
PH-SYN-VOTER-00000032,CP-PH-R01-P01-C01-B01-002,Synthetic Voter 00000032,ELIGIBLE,true,7
PH-SYN-VOTER-00000033,CP-PH-R01-P01-C01-B01-002,Synthetic Voter 00000033,ELIGIBLE,true,8
PH-SYN-VOTER-00000034,CP-PH-R01-P01-C01-B01-002,Synthetic Voter 00000034,ELIGIBLE,true,9
PH-SYN-VOTER-00000035,CP-PH-R01-P01-C01-B01-002,Synthetic Voter 00000035,ELIGIBLE,true,10
PH-SYN-VOTER-00000036,CP-PH-R01-P01-C01-B01-002,Synthetic Voter 00000036,ELIGIBLE,true,11
PH-SYN-VOTER-00000037,CP-PH-R01-P01-C01-B01-002,Synthetic Voter 00000037,ELIGIBLE,true,12
PH-SYN-VOTER-00000038,CP-PH-R01-P01-C01-B01-002,Synthetic Voter 00000038,ELIGIBLE,true,13
PH-SYN-VOTER-00000039,CP-PH-R01-P01-C01-B01-002,Synthetic Voter 00000039,ELIGIBLE,true,14
PH-SYN-VOTER-00000040,CP-PH-R01-P01-C01-B01-002,Synthetic Voter 00000040,ELIGIBLE,true,15
PH-SYN-VOTER-00000041,CP-PH-R01-P01-C01-B01-002,Synthetic Voter 00000041,ELIGIBLE,true,16
PH-SYN-VOTER-00000042,CP-PH-R01-P01-C01-B01-002,Synthetic Voter 00000042,ELIGIBLE,true,17
PH-SYN-VOTER-00000043,CP-PH-R01-P01-C01-B01-002,Synthetic Voter 00000043,ELIGIBLE,true,18
PH-SYN-VOTER-00000044,CP-PH-R01-P01-C01-B01-002,Synthetic Voter 00000044,ELIGIBLE,true,19
PH-SYN-VOTER-00000045,CP-PH-R01-P01-C01-B01-002,Synthetic Voter 00000045,ELIGIBLE,true,20
PH-SYN-VOTER-00000046,CP-PH-R01-P01-C01-B01-002,Synthetic Voter 00000046,ELIGIBLE,true,21
PH-SYN-VOTER-00000047,CP-PH-R01-P01-C01-B01-002,Synthetic Voter 00000047,ELIGIBLE,true,22
PH-SYN-VOTER-00000048,CP-PH-R01-P01-C01-B01-002,Synthetic Voter 00000048,ELIGIBLE,true,23
PH-SYN-VOTER-00000049,CP-PH-R01-P01-C01-B01-002,Synthetic Voter 00000049,ELIGIBLE,true,24
PH-SYN-VOTER-00000050,CP-PH-R01-P01-C01-B01-002,Synthetic Voter 00000050,ELIGIBLE,true,25
PH-SYN-VOTER-00000051,CP-PH-R01-P01-C01-B02-001,Synthetic Voter 00000051,ELIGIBLE,true,1
PH-SYN-VOTER-00000052,CP-PH-R01-P01-C01-B02-001,Synthetic Voter 00000052,ELIGIBLE,true,2
PH-SYN-VOTER-00000053,CP-PH-R01-P01-C01-B02-001,Synthetic Voter 00000053,ELIGIBLE,true,3
PH-SYN-VOTER-00000054,CP-PH-R01-P01-C01-B02-001,Synthetic Voter 00000054,ELIGIBLE,true,4
PH-SYN-VOTER-00000055,CP-PH-R01-P01-C01-B02-001,Synthetic Voter 00000055,ELIGIBLE,true,5
PH-SYN-VOTER-00000056,CP-PH-R01-P01-C01-B02-001,Synthetic Voter 00000056,ELIGIBLE,true,6
PH-SYN-VOTER-00000057,CP-PH-R01-P01-C01-B02-001,Synthetic Voter 00000057,ELIGIBLE,true,7
PH-SYN-VOTER-00000058,CP-PH-R01-P01-C01-B02-001,Synthetic Voter 00000058,ELIGIBLE,true,8
PH-SYN-VOTER-00000059,CP-PH-R01-P01-C01-B02-001,Synthetic Voter 00000059,ELIGIBLE,true,9
PH-SYN-VOTER-00000060,CP-PH-R01-P01-C01-B02-001,Synthetic Voter 00000060,ELIGIBLE,true,10
PH-SYN-VOTER-00000061,CP-PH-R01-P01-C01-B02-001,Synthetic Voter 00000061,ELIGIBLE,true,11
PH-SYN-VOTER-00000062,CP-PH-R01-P01-C01-B02-001,Synthetic Voter 00000062,ELIGIBLE,true,12
PH-SYN-VOTER-00000063,CP-PH-R01-P01-C01-B02-001,Synthetic Voter 00000063,ELIGIBLE,true,13
PH-SYN-VOTER-00000064,CP-PH-R01-P01-C01-B02-001,Synthetic Voter 00000064,ELIGIBLE,true,14
PH-SYN-VOTER-00000065,CP-PH-R01-P01-C01-B02-001,Synthetic Voter 00000065,ELIGIBLE,true,15
PH-SYN-VOTER-00000066,CP-PH-R01-P01-C01-B02-001,Synthetic Voter 00000066,ELIGIBLE,true,16
PH-SYN-VOTER-00000067,CP-PH-R01-P01-C01-B02-001,Synthetic Voter 00000067,ELIGIBLE,true,17
PH-SYN-VOTER-00000068,CP-PH-R01-P01-C01-B02-001,Synthetic Voter 00000068,ELIGIBLE,true,18
PH-SYN-VOTER-00000069,CP-PH-R01-P01-C01-B02-001,Synthetic Voter 00000069,ELIGIBLE,true,19
PH-SYN-VOTER-00000070,CP-PH-R01-P01-C01-B02-001,Synthetic Voter 00000070,ELIGIBLE,true,20
PH-SYN-VOTER-00000071,CP-PH-R01-P01-C01-B02-001,Synthetic Voter 00000071,ELIGIBLE,true,21
PH-SYN-VOTER-00000072,CP-PH-R01-P01-C01-B02-001,Synthetic Voter 00000072,ELIGIBLE,true,22
PH-SYN-VOTER-00000073,CP-PH-R01-P01-C01-B02-001,Synthetic Voter 00000073,ELIGIBLE,true,23
PH-SYN-VOTER-00000074,CP-PH-R01-P01-C01-B02-001,Synthetic Voter 00000074,ELIGIBLE,true,24
PH-SYN-VOTER-00000075,CP-PH-R01-P01-C01-B02-001,Synthetic Voter 00000075,ELIGIBLE,true,25
PH-SYN-VOTER-00000076,CP-PH-R01-P01-C01-B02-002,Synthetic Voter 00000076,ELIGIBLE,true,1
PH-SYN-VOTER-00000077,CP-PH-R01-P01-C01-B02-002,Synthetic Voter 00000077,ELIGIBLE,true,2
PH-SYN-VOTER-00000078,CP-PH-R01-P01-C01-B02-002,Synthetic Voter 00000078,ELIGIBLE,true,3
PH-SYN-VOTER-00000079,CP-PH-R01-P01-C01-B02-002,Synthetic Voter 00000079,ELIGIBLE,true,4
PH-SYN-VOTER-00000080,CP-PH-R01-P01-C01-B02-002,Synthetic Voter 00000080,ELIGIBLE,true,5
PH-SYN-VOTER-00000081,CP-PH-R01-P01-C01-B02-002,Synthetic Voter 00000081,ELIGIBLE,true,6
PH-SYN-VOTER-00000082,CP-PH-R01-P01-C01-B02-002,Synthetic Voter 00000082,ELIGIBLE,true,7
PH-SYN-VOTER-00000083,CP-PH-R01-P01-C01-B02-002,Synthetic Voter 00000083,ELIGIBLE,true,8
PH-SYN-VOTER-00000084,CP-PH-R01-P01-C01-B02-002,Synthetic Voter 00000084,ELIGIBLE,true,9
PH-SYN-VOTER-00000085,CP-PH-R01-P01-C01-B02-002,Synthetic Voter 00000085,ELIGIBLE,true,10
PH-SYN-VOTER-00000086,CP-PH-R01-P01-C01-B02-002,Synthetic Voter 00000086,ELIGIBLE,true,11
PH-SYN-VOTER-00000087,CP-PH-R01-P01-C01-B02-002,Synthetic Voter 00000087,ELIGIBLE,true,12
PH-SYN-VOTER-00000088,CP-PH-R01-P01-C01-B02-002,Synthetic Voter 00000088,ELIGIBLE,true,13
PH-SYN-VOTER-00000089,CP-PH-R01-P01-C01-B02-002,Synthetic Voter 00000089,ELIGIBLE,true,14
PH-SYN-VOTER-00000090,CP-PH-R01-P01-C01-B02-002,Synthetic Voter 00000090,ELIGIBLE,true,15
PH-SYN-VOTER-00000091,CP-PH-R01-P01-C01-B02-002,Synthetic Voter 00000091,ELIGIBLE,true,16
PH-SYN-VOTER-00000092,CP-PH-R01-P01-C01-B02-002,Synthetic Voter 00000092,ELIGIBLE,true,17
PH-SYN-VOTER-00000093,CP-PH-R01-P01-C01-B02-002,Synthetic Voter 00000093,ELIGIBLE,true,18
PH-SYN-VOTER-00000094,CP-PH-R01-P01-C01-B02-002,Synthetic Voter 00000094,ELIGIBLE,true,19
PH-SYN-VOTER-00000095,CP-PH-R01-P01-C01-B02-002,Synthetic Voter 00000095,ELIGIBLE,true,20
PH-SYN-VOTER-00000096,CP-PH-R01-P01-C01-B02-002,Synthetic Voter 00000096,ELIGIBLE,true,21
PH-SYN-VOTER-00000097,CP-PH-R01-P01-C01-B02-002,Synthetic Voter 00000097,ELIGIBLE,true,22
PH-SYN-VOTER-00000098,CP-PH-R01-P01-C01-B02-002,Synthetic Voter 00000098,ELIGIBLE,true,23
PH-SYN-VOTER-00000099,CP-PH-R01-P01-C01-B02-002,Synthetic Voter 00000099,ELIGIBLE,true,24
PH-SYN-VOTER-00000100,CP-PH-R01-P01-C01-B02-002,Synthetic Voter 00000100,ELIGIBLE,true,25
PH-SYN-VOTER-00000101,CP-PH-R01-P01-M01-B01-001,Synthetic Voter 00000101,ELIGIBLE,true,1
PH-SYN-VOTER-00000102,CP-PH-R01-P01-M01-B01-001,Synthetic Voter 00000102,ELIGIBLE,true,2
PH-SYN-VOTER-00000103,CP-PH-R01-P01-M01-B01-001,Synthetic Voter 00000103,ELIGIBLE,true,3
PH-SYN-VOTER-00000104,CP-PH-R01-P01-M01-B01-001,Synthetic Voter 00000104,ELIGIBLE,true,4
PH-SYN-VOTER-00000105,CP-PH-R01-P01-M01-B01-001,Synthetic Voter 00000105,ELIGIBLE,true,5
PH-SYN-VOTER-00000106,CP-PH-R01-P01-M01-B01-001,Synthetic Voter 00000106,ELIGIBLE,true,6
PH-SYN-VOTER-00000107,CP-PH-R01-P01-M01-B01-001,Synthetic Voter 00000107,ELIGIBLE,true,7
PH-SYN-VOTER-00000108,CP-PH-R01-P01-M01-B01-001,Synthetic Voter 00000108,ELIGIBLE,true,8
PH-SYN-VOTER-00000109,CP-PH-R01-P01-M01-B01-001,Synthetic Voter 00000109,ELIGIBLE,true,9
PH-SYN-VOTER-00000110,CP-PH-R01-P01-M01-B01-001,Synthetic Voter 00000110,ELIGIBLE,true,10
PH-SYN-VOTER-00000111,CP-PH-R01-P01-M01-B01-001,Synthetic Voter 00000111,ELIGIBLE,true,11
PH-SYN-VOTER-00000112,CP-PH-R01-P01-M01-B01-001,Synthetic Voter 00000112,ELIGIBLE,true,12
PH-SYN-VOTER-00000113,CP-PH-R01-P01-M01-B01-001,Synthetic Voter 00000113,ELIGIBLE,true,13
PH-SYN-VOTER-00000114,CP-PH-R01-P01-M01-B01-001,Synthetic Voter 00000114,ELIGIBLE,true,14
PH-SYN-VOTER-00000115,CP-PH-R01-P01-M01-B01-001,Synthetic Voter 00000115,ELIGIBLE,true,15
PH-SYN-VOTER-00000116,CP-PH-R01-P01-M01-B01-001,Synthetic Voter 00000116,ELIGIBLE,true,16
PH-SYN-VOTER-00000117,CP-PH-R01-P01-M01-B01-001,Synthetic Voter 00000117,ELIGIBLE,true,17
PH-SYN-VOTER-00000118,CP-PH-R01-P01-M01-B01-001,Synthetic Voter 00000118,ELIGIBLE,true,18
PH-SYN-VOTER-00000119,CP-PH-R01-P01-M01-B01-001,Synthetic Voter 00000119,ELIGIBLE,true,19
PH-SYN-VOTER-00000120,CP-PH-R01-P01-M01-B01-001,Synthetic Voter 00000120,ELIGIBLE,true,20
PH-SYN-VOTER-00000121,CP-PH-R01-P01-M01-B01-001,Synthetic Voter 00000121,ELIGIBLE,true,21
PH-SYN-VOTER-00000122,CP-PH-R01-P01-M01-B01-001,Synthetic Voter 00000122,ELIGIBLE,true,22
PH-SYN-VOTER-00000123,CP-PH-R01-P01-M01-B01-001,Synthetic Voter 00000123,ELIGIBLE,true,23
PH-SYN-VOTER-00000124,CP-PH-R01-P01-M01-B01-001,Synthetic Voter 00000124,ELIGIBLE,true,24
PH-SYN-VOTER-00000125,CP-PH-R01-P01-M01-B01-001,Synthetic Voter 00000125,ELIGIBLE,true,25
PH-SYN-VOTER-00000126,CP-PH-R01-P01-M01-B01-002,Synthetic Voter 00000126,ELIGIBLE,true,1
PH-SYN-VOTER-00000127,CP-PH-R01-P01-M01-B01-002,Synthetic Voter 00000127,ELIGIBLE,true,2
PH-SYN-VOTER-00000128,CP-PH-R01-P01-M01-B01-002,Synthetic Voter 00000128,ELIGIBLE,true,3
PH-SYN-VOTER-00000129,CP-PH-R01-P01-M01-B01-002,Synthetic Voter 00000129,ELIGIBLE,true,4
PH-SYN-VOTER-00000130,CP-PH-R01-P01-M01-B01-002,Synthetic Voter 00000130,ELIGIBLE,true,5
PH-SYN-VOTER-00000131,CP-PH-R01-P01-M01-B01-002,Synthetic Voter 00000131,ELIGIBLE,true,6
PH-SYN-VOTER-00000132,CP-PH-R01-P01-M01-B01-002,Synthetic Voter 00000132,ELIGIBLE,true,7
PH-SYN-VOTER-00000133,CP-PH-R01-P01-M01-B01-002,Synthetic Voter 00000133,ELIGIBLE,true,8
PH-SYN-VOTER-00000134,CP-PH-R01-P01-M01-B01-002,Synthetic Voter 00000134,ELIGIBLE,true,9
PH-SYN-VOTER-00000135,CP-PH-R01-P01-M01-B01-002,Synthetic Voter 00000135,ELIGIBLE,true,10
PH-SYN-VOTER-00000136,CP-PH-R01-P01-M01-B01-002,Synthetic Voter 00000136,ELIGIBLE,true,11
PH-SYN-VOTER-00000137,CP-PH-R01-P01-M01-B01-002,Synthetic Voter 00000137,ELIGIBLE,true,12
PH-SYN-VOTER-00000138,CP-PH-R01-P01-M01-B01-002,Synthetic Voter 00000138,ELIGIBLE,true,13
PH-SYN-VOTER-00000139,CP-PH-R01-P01-M01-B01-002,Synthetic Voter 00000139,ELIGIBLE,true,14
PH-SYN-VOTER-00000140,CP-PH-R01-P01-M01-B01-002,Synthetic Voter 00000140,ELIGIBLE,true,15
PH-SYN-VOTER-00000141,CP-PH-R01-P01-M01-B01-002,Synthetic Voter 00000141,ELIGIBLE,true,16
PH-SYN-VOTER-00000142,CP-PH-R01-P01-M01-B01-002,Synthetic Voter 00000142,ELIGIBLE,true,17
PH-SYN-VOTER-00000143,CP-PH-R01-P01-M01-B01-002,Synthetic Voter 00000143,ELIGIBLE,true,18
PH-SYN-VOTER-00000144,CP-PH-R01-P01-M01-B01-002,Synthetic Voter 00000144,ELIGIBLE,true,19
PH-SYN-VOTER-00000145,CP-PH-R01-P01-M01-B01-002,Synthetic Voter 00000145,ELIGIBLE,true,20
PH-SYN-VOTER-00000146,CP-PH-R01-P01-M01-B01-002,Synthetic Voter 00000146,ELIGIBLE,true,21
PH-SYN-VOTER-00000147,CP-PH-R01-P01-M01-B01-002,Synthetic Voter 00000147,ELIGIBLE,true,22
PH-SYN-VOTER-00000148,CP-PH-R01-P01-M01-B01-002,Synthetic Voter 00000148,ELIGIBLE,true,23
PH-SYN-VOTER-00000149,CP-PH-R01-P01-M01-B01-002,Synthetic Voter 00000149,ELIGIBLE,true,24
PH-SYN-VOTER-00000150,CP-PH-R01-P01-M01-B01-002,Synthetic Voter 00000150,ELIGIBLE,true,25
PH-SYN-VOTER-00000151,CP-PH-R01-P01-M01-B02-001,Synthetic Voter 00000151,ELIGIBLE,true,1
PH-SYN-VOTER-00000152,CP-PH-R01-P01-M01-B02-001,Synthetic Voter 00000152,ELIGIBLE,true,2
PH-SYN-VOTER-00000153,CP-PH-R01-P01-M01-B02-001,Synthetic Voter 00000153,ELIGIBLE,true,3
PH-SYN-VOTER-00000154,CP-PH-R01-P01-M01-B02-001,Synthetic Voter 00000154,ELIGIBLE,true,4
PH-SYN-VOTER-00000155,CP-PH-R01-P01-M01-B02-001,Synthetic Voter 00000155,ELIGIBLE,true,5
PH-SYN-VOTER-00000156,CP-PH-R01-P01-M01-B02-001,Synthetic Voter 00000156,ELIGIBLE,true,6
PH-SYN-VOTER-00000157,CP-PH-R01-P01-M01-B02-001,Synthetic Voter 00000157,ELIGIBLE,true,7
PH-SYN-VOTER-00000158,CP-PH-R01-P01-M01-B02-001,Synthetic Voter 00000158,ELIGIBLE,true,8
PH-SYN-VOTER-00000159,CP-PH-R01-P01-M01-B02-001,Synthetic Voter 00000159,ELIGIBLE,true,9
PH-SYN-VOTER-00000160,CP-PH-R01-P01-M01-B02-001,Synthetic Voter 00000160,ELIGIBLE,true,10
PH-SYN-VOTER-00000161,CP-PH-R01-P01-M01-B02-001,Synthetic Voter 00000161,ELIGIBLE,true,11
PH-SYN-VOTER-00000162,CP-PH-R01-P01-M01-B02-001,Synthetic Voter 00000162,ELIGIBLE,true,12
PH-SYN-VOTER-00000163,CP-PH-R01-P01-M01-B02-001,Synthetic Voter 00000163,ELIGIBLE,true,13
PH-SYN-VOTER-00000164,CP-PH-R01-P01-M01-B02-001,Synthetic Voter 00000164,ELIGIBLE,true,14
PH-SYN-VOTER-00000165,CP-PH-R01-P01-M01-B02-001,Synthetic Voter 00000165,ELIGIBLE,true,15
PH-SYN-VOTER-00000166,CP-PH-R01-P01-M01-B02-001,Synthetic Voter 00000166,ELIGIBLE,true,16
PH-SYN-VOTER-00000167,CP-PH-R01-P01-M01-B02-001,Synthetic Voter 00000167,ELIGIBLE,true,17
PH-SYN-VOTER-00000168,CP-PH-R01-P01-M01-B02-001,Synthetic Voter 00000168,ELIGIBLE,true,18
PH-SYN-VOTER-00000169,CP-PH-R01-P01-M01-B02-001,Synthetic Voter 00000169,ELIGIBLE,true,19
PH-SYN-VOTER-00000170,CP-PH-R01-P01-M01-B02-001,Synthetic Voter 00000170,ELIGIBLE,true,20
PH-SYN-VOTER-00000171,CP-PH-R01-P01-M01-B02-001,Synthetic Voter 00000171,ELIGIBLE,true,21
PH-SYN-VOTER-00000172,CP-PH-R01-P01-M01-B02-001,Synthetic Voter 00000172,ELIGIBLE,true,22
PH-SYN-VOTER-00000173,CP-PH-R01-P01-M01-B02-001,Synthetic Voter 00000173,ELIGIBLE,true,23
PH-SYN-VOTER-00000174,CP-PH-R01-P01-M01-B02-001,Synthetic Voter 00000174,ELIGIBLE,true,24
PH-SYN-VOTER-00000175,CP-PH-R01-P01-M01-B02-001,Synthetic Voter 00000175,ELIGIBLE,true,25
PH-SYN-VOTER-00000176,CP-PH-R01-P01-M01-B02-002,Synthetic Voter 00000176,ELIGIBLE,true,1
PH-SYN-VOTER-00000177,CP-PH-R01-P01-M01-B02-002,Synthetic Voter 00000177,ELIGIBLE,true,2
PH-SYN-VOTER-00000178,CP-PH-R01-P01-M01-B02-002,Synthetic Voter 00000178,ELIGIBLE,true,3
PH-SYN-VOTER-00000179,CP-PH-R01-P01-M01-B02-002,Synthetic Voter 00000179,ELIGIBLE,true,4
PH-SYN-VOTER-00000180,CP-PH-R01-P01-M01-B02-002,Synthetic Voter 00000180,ELIGIBLE,true,5
PH-SYN-VOTER-00000181,CP-PH-R01-P01-M01-B02-002,Synthetic Voter 00000181,ELIGIBLE,true,6
PH-SYN-VOTER-00000182,CP-PH-R01-P01-M01-B02-002,Synthetic Voter 00000182,ELIGIBLE,true,7
PH-SYN-VOTER-00000183,CP-PH-R01-P01-M01-B02-002,Synthetic Voter 00000183,ELIGIBLE,true,8
PH-SYN-VOTER-00000184,CP-PH-R01-P01-M01-B02-002,Synthetic Voter 00000184,ELIGIBLE,true,9
PH-SYN-VOTER-00000185,CP-PH-R01-P01-M01-B02-002,Synthetic Voter 00000185,ELIGIBLE,true,10
PH-SYN-VOTER-00000186,CP-PH-R01-P01-M01-B02-002,Synthetic Voter 00000186,ELIGIBLE,true,11
PH-SYN-VOTER-00000187,CP-PH-R01-P01-M01-B02-002,Synthetic Voter 00000187,ELIGIBLE,true,12
PH-SYN-VOTER-00000188,CP-PH-R01-P01-M01-B02-002,Synthetic Voter 00000188,ELIGIBLE,true,13
PH-SYN-VOTER-00000189,CP-PH-R01-P01-M01-B02-002,Synthetic Voter 00000189,ELIGIBLE,true,14
PH-SYN-VOTER-00000190,CP-PH-R01-P01-M01-B02-002,Synthetic Voter 00000190,ELIGIBLE,true,15
PH-SYN-VOTER-00000191,CP-PH-R01-P01-M01-B02-002,Synthetic Voter 00000191,ELIGIBLE,true,16
PH-SYN-VOTER-00000192,CP-PH-R01-P01-M01-B02-002,Synthetic Voter 00000192,ELIGIBLE,true,17
PH-SYN-VOTER-00000193,CP-PH-R01-P01-M01-B02-002,Synthetic Voter 00000193,ELIGIBLE,true,18
PH-SYN-VOTER-00000194,CP-PH-R01-P01-M01-B02-002,Synthetic Voter 00000194,ELIGIBLE,true,19
PH-SYN-VOTER-00000195,CP-PH-R01-P01-M01-B02-002,Synthetic Voter 00000195,ELIGIBLE,true,20
PH-SYN-VOTER-00000196,CP-PH-R01-P01-M01-B02-002,Synthetic Voter 00000196,ELIGIBLE,true,21
PH-SYN-VOTER-00000197,CP-PH-R01-P01-M01-B02-002,Synthetic Voter 00000197,ELIGIBLE,true,22
PH-SYN-VOTER-00000198,CP-PH-R01-P01-M01-B02-002,Synthetic Voter 00000198,ELIGIBLE,true,23
PH-SYN-VOTER-00000199,CP-PH-R01-P01-M01-B02-002,Synthetic Voter 00000199,ELIGIBLE,true,24
PH-SYN-VOTER-00000200,CP-PH-R01-P01-M01-B02-002,Synthetic Voter 00000200,ELIGIBLE,true,25
PH-SYN-VOTER-00000201,CP-PH-R01-P02-C01-B01-001,Synthetic Voter 00000201,ELIGIBLE,true,1
PH-SYN-VOTER-00000202,CP-PH-R01-P02-C01-B01-001,Synthetic Voter 00000202,ELIGIBLE,true,2
PH-SYN-VOTER-00000203,CP-PH-R01-P02-C01-B01-001,Synthetic Voter 00000203,ELIGIBLE,true,3
PH-SYN-VOTER-00000204,CP-PH-R01-P02-C01-B01-001,Synthetic Voter 00000204,ELIGIBLE,true,4
PH-SYN-VOTER-00000205,CP-PH-R01-P02-C01-B01-001,Synthetic Voter 00000205,ELIGIBLE,true,5
PH-SYN-VOTER-00000206,CP-PH-R01-P02-C01-B01-001,Synthetic Voter 00000206,ELIGIBLE,true,6
PH-SYN-VOTER-00000207,CP-PH-R01-P02-C01-B01-001,Synthetic Voter 00000207,ELIGIBLE,true,7
PH-SYN-VOTER-00000208,CP-PH-R01-P02-C01-B01-001,Synthetic Voter 00000208,ELIGIBLE,true,8
PH-SYN-VOTER-00000209,CP-PH-R01-P02-C01-B01-001,Synthetic Voter 00000209,ELIGIBLE,true,9
PH-SYN-VOTER-00000210,CP-PH-R01-P02-C01-B01-001,Synthetic Voter 00000210,ELIGIBLE,true,10
PH-SYN-VOTER-00000211,CP-PH-R01-P02-C01-B01-001,Synthetic Voter 00000211,ELIGIBLE,true,11
PH-SYN-VOTER-00000212,CP-PH-R01-P02-C01-B01-001,Synthetic Voter 00000212,ELIGIBLE,true,12
PH-SYN-VOTER-00000213,CP-PH-R01-P02-C01-B01-001,Synthetic Voter 00000213,ELIGIBLE,true,13
PH-SYN-VOTER-00000214,CP-PH-R01-P02-C01-B01-001,Synthetic Voter 00000214,ELIGIBLE,true,14
PH-SYN-VOTER-00000215,CP-PH-R01-P02-C01-B01-001,Synthetic Voter 00000215,ELIGIBLE,true,15
PH-SYN-VOTER-00000216,CP-PH-R01-P02-C01-B01-001,Synthetic Voter 00000216,ELIGIBLE,true,16
PH-SYN-VOTER-00000217,CP-PH-R01-P02-C01-B01-001,Synthetic Voter 00000217,ELIGIBLE,true,17
PH-SYN-VOTER-00000218,CP-PH-R01-P02-C01-B01-001,Synthetic Voter 00000218,ELIGIBLE,true,18
PH-SYN-VOTER-00000219,CP-PH-R01-P02-C01-B01-001,Synthetic Voter 00000219,ELIGIBLE,true,19
PH-SYN-VOTER-00000220,CP-PH-R01-P02-C01-B01-001,Synthetic Voter 00000220,ELIGIBLE,true,20
PH-SYN-VOTER-00000221,CP-PH-R01-P02-C01-B01-001,Synthetic Voter 00000221,ELIGIBLE,true,21
PH-SYN-VOTER-00000222,CP-PH-R01-P02-C01-B01-001,Synthetic Voter 00000222,ELIGIBLE,true,22
PH-SYN-VOTER-00000223,CP-PH-R01-P02-C01-B01-001,Synthetic Voter 00000223,ELIGIBLE,true,23
PH-SYN-VOTER-00000224,CP-PH-R01-P02-C01-B01-001,Synthetic Voter 00000224,ELIGIBLE,true,24
PH-SYN-VOTER-00000225,CP-PH-R01-P02-C01-B01-001,Synthetic Voter 00000225,ELIGIBLE,true,25
PH-SYN-VOTER-00000226,CP-PH-R01-P02-C01-B01-002,Synthetic Voter 00000226,ELIGIBLE,true,1
PH-SYN-VOTER-00000227,CP-PH-R01-P02-C01-B01-002,Synthetic Voter 00000227,ELIGIBLE,true,2
PH-SYN-VOTER-00000228,CP-PH-R01-P02-C01-B01-002,Synthetic Voter 00000228,ELIGIBLE,true,3
PH-SYN-VOTER-00000229,CP-PH-R01-P02-C01-B01-002,Synthetic Voter 00000229,ELIGIBLE,true,4
PH-SYN-VOTER-00000230,CP-PH-R01-P02-C01-B01-002,Synthetic Voter 00000230,ELIGIBLE,true,5
PH-SYN-VOTER-00000231,CP-PH-R01-P02-C01-B01-002,Synthetic Voter 00000231,ELIGIBLE,true,6
PH-SYN-VOTER-00000232,CP-PH-R01-P02-C01-B01-002,Synthetic Voter 00000232,ELIGIBLE,true,7
PH-SYN-VOTER-00000233,CP-PH-R01-P02-C01-B01-002,Synthetic Voter 00000233,ELIGIBLE,true,8
PH-SYN-VOTER-00000234,CP-PH-R01-P02-C01-B01-002,Synthetic Voter 00000234,ELIGIBLE,true,9
PH-SYN-VOTER-00000235,CP-PH-R01-P02-C01-B01-002,Synthetic Voter 00000235,ELIGIBLE,true,10
PH-SYN-VOTER-00000236,CP-PH-R01-P02-C01-B01-002,Synthetic Voter 00000236,ELIGIBLE,true,11
PH-SYN-VOTER-00000237,CP-PH-R01-P02-C01-B01-002,Synthetic Voter 00000237,ELIGIBLE,true,12
PH-SYN-VOTER-00000238,CP-PH-R01-P02-C01-B01-002,Synthetic Voter 00000238,ELIGIBLE,true,13
PH-SYN-VOTER-00000239,CP-PH-R01-P02-C01-B01-002,Synthetic Voter 00000239,ELIGIBLE,true,14
PH-SYN-VOTER-00000240,CP-PH-R01-P02-C01-B01-002,Synthetic Voter 00000240,ELIGIBLE,true,15
PH-SYN-VOTER-00000241,CP-PH-R01-P02-C01-B01-002,Synthetic Voter 00000241,ELIGIBLE,true,16
PH-SYN-VOTER-00000242,CP-PH-R01-P02-C01-B01-002,Synthetic Voter 00000242,ELIGIBLE,true,17
PH-SYN-VOTER-00000243,CP-PH-R01-P02-C01-B01-002,Synthetic Voter 00000243,ELIGIBLE,true,18
PH-SYN-VOTER-00000244,CP-PH-R01-P02-C01-B01-002,Synthetic Voter 00000244,ELIGIBLE,true,19
PH-SYN-VOTER-00000245,CP-PH-R01-P02-C01-B01-002,Synthetic Voter 00000245,ELIGIBLE,true,20
PH-SYN-VOTER-00000246,CP-PH-R01-P02-C01-B01-002,Synthetic Voter 00000246,ELIGIBLE,true,21
PH-SYN-VOTER-00000247,CP-PH-R01-P02-C01-B01-002,Synthetic Voter 00000247,ELIGIBLE,true,22
PH-SYN-VOTER-00000248,CP-PH-R01-P02-C01-B01-002,Synthetic Voter 00000248,ELIGIBLE,true,23
PH-SYN-VOTER-00000249,CP-PH-R01-P02-C01-B01-002,Synthetic Voter 00000249,ELIGIBLE,true,24
PH-SYN-VOTER-00000250,CP-PH-R01-P02-C01-B01-002,Synthetic Voter 00000250,ELIGIBLE,true,25
PH-SYN-VOTER-00000251,CP-PH-R01-P02-C01-B02-001,Synthetic Voter 00000251,ELIGIBLE,true,1
PH-SYN-VOTER-00000252,CP-PH-R01-P02-C01-B02-001,Synthetic Voter 00000252,ELIGIBLE,true,2
PH-SYN-VOTER-00000253,CP-PH-R01-P02-C01-B02-001,Synthetic Voter 00000253,ELIGIBLE,true,3
PH-SYN-VOTER-00000254,CP-PH-R01-P02-C01-B02-001,Synthetic Voter 00000254,ELIGIBLE,true,4
PH-SYN-VOTER-00000255,CP-PH-R01-P02-C01-B02-001,Synthetic Voter 00000255,ELIGIBLE,true,5
PH-SYN-VOTER-00000256,CP-PH-R01-P02-C01-B02-001,Synthetic Voter 00000256,ELIGIBLE,true,6
PH-SYN-VOTER-00000257,CP-PH-R01-P02-C01-B02-001,Synthetic Voter 00000257,ELIGIBLE,true,7
PH-SYN-VOTER-00000258,CP-PH-R01-P02-C01-B02-001,Synthetic Voter 00000258,ELIGIBLE,true,8
PH-SYN-VOTER-00000259,CP-PH-R01-P02-C01-B02-001,Synthetic Voter 00000259,ELIGIBLE,true,9
PH-SYN-VOTER-00000260,CP-PH-R01-P02-C01-B02-001,Synthetic Voter 00000260,ELIGIBLE,true,10
PH-SYN-VOTER-00000261,CP-PH-R01-P02-C01-B02-001,Synthetic Voter 00000261,ELIGIBLE,true,11
PH-SYN-VOTER-00000262,CP-PH-R01-P02-C01-B02-001,Synthetic Voter 00000262,ELIGIBLE,true,12
PH-SYN-VOTER-00000263,CP-PH-R01-P02-C01-B02-001,Synthetic Voter 00000263,ELIGIBLE,true,13
PH-SYN-VOTER-00000264,CP-PH-R01-P02-C01-B02-001,Synthetic Voter 00000264,ELIGIBLE,true,14
PH-SYN-VOTER-00000265,CP-PH-R01-P02-C01-B02-001,Synthetic Voter 00000265,ELIGIBLE,true,15
PH-SYN-VOTER-00000266,CP-PH-R01-P02-C01-B02-001,Synthetic Voter 00000266,ELIGIBLE,true,16
PH-SYN-VOTER-00000267,CP-PH-R01-P02-C01-B02-001,Synthetic Voter 00000267,ELIGIBLE,true,17
PH-SYN-VOTER-00000268,CP-PH-R01-P02-C01-B02-001,Synthetic Voter 00000268,ELIGIBLE,true,18
PH-SYN-VOTER-00000269,CP-PH-R01-P02-C01-B02-001,Synthetic Voter 00000269,ELIGIBLE,true,19
PH-SYN-VOTER-00000270,CP-PH-R01-P02-C01-B02-001,Synthetic Voter 00000270,ELIGIBLE,true,20
PH-SYN-VOTER-00000271,CP-PH-R01-P02-C01-B02-001,Synthetic Voter 00000271,ELIGIBLE,true,21
PH-SYN-VOTER-00000272,CP-PH-R01-P02-C01-B02-001,Synthetic Voter 00000272,ELIGIBLE,true,22
PH-SYN-VOTER-00000273,CP-PH-R01-P02-C01-B02-001,Synthetic Voter 00000273,ELIGIBLE,true,23
PH-SYN-VOTER-00000274,CP-PH-R01-P02-C01-B02-001,Synthetic Voter 00000274,ELIGIBLE,true,24
PH-SYN-VOTER-00000275,CP-PH-R01-P02-C01-B02-001,Synthetic Voter 00000275,ELIGIBLE,true,25
PH-SYN-VOTER-00000276,CP-PH-R01-P02-C01-B02-002,Synthetic Voter 00000276,ELIGIBLE,true,1
PH-SYN-VOTER-00000277,CP-PH-R01-P02-C01-B02-002,Synthetic Voter 00000277,ELIGIBLE,true,2
PH-SYN-VOTER-00000278,CP-PH-R01-P02-C01-B02-002,Synthetic Voter 00000278,ELIGIBLE,true,3
PH-SYN-VOTER-00000279,CP-PH-R01-P02-C01-B02-002,Synthetic Voter 00000279,ELIGIBLE,true,4
PH-SYN-VOTER-00000280,CP-PH-R01-P02-C01-B02-002,Synthetic Voter 00000280,ELIGIBLE,true,5
PH-SYN-VOTER-00000281,CP-PH-R01-P02-C01-B02-002,Synthetic Voter 00000281,ELIGIBLE,true,6
PH-SYN-VOTER-00000282,CP-PH-R01-P02-C01-B02-002,Synthetic Voter 00000282,ELIGIBLE,true,7
PH-SYN-VOTER-00000283,CP-PH-R01-P02-C01-B02-002,Synthetic Voter 00000283,ELIGIBLE,true,8
PH-SYN-VOTER-00000284,CP-PH-R01-P02-C01-B02-002,Synthetic Voter 00000284,ELIGIBLE,true,9
PH-SYN-VOTER-00000285,CP-PH-R01-P02-C01-B02-002,Synthetic Voter 00000285,ELIGIBLE,true,10
PH-SYN-VOTER-00000286,CP-PH-R01-P02-C01-B02-002,Synthetic Voter 00000286,ELIGIBLE,true,11
PH-SYN-VOTER-00000287,CP-PH-R01-P02-C01-B02-002,Synthetic Voter 00000287,ELIGIBLE,true,12
PH-SYN-VOTER-00000288,CP-PH-R01-P02-C01-B02-002,Synthetic Voter 00000288,ELIGIBLE,true,13
PH-SYN-VOTER-00000289,CP-PH-R01-P02-C01-B02-002,Synthetic Voter 00000289,ELIGIBLE,true,14
PH-SYN-VOTER-00000290,CP-PH-R01-P02-C01-B02-002,Synthetic Voter 00000290,ELIGIBLE,true,15
PH-SYN-VOTER-00000291,CP-PH-R01-P02-C01-B02-002,Synthetic Voter 00000291,ELIGIBLE,true,16
PH-SYN-VOTER-00000292,CP-PH-R01-P02-C01-B02-002,Synthetic Voter 00000292,ELIGIBLE,true,17
PH-SYN-VOTER-00000293,CP-PH-R01-P02-C01-B02-002,Synthetic Voter 00000293,ELIGIBLE,true,18
PH-SYN-VOTER-00000294,CP-PH-R01-P02-C01-B02-002,Synthetic Voter 00000294,ELIGIBLE,true,19
PH-SYN-VOTER-00000295,CP-PH-R01-P02-C01-B02-002,Synthetic Voter 00000295,ELIGIBLE,true,20
PH-SYN-VOTER-00000296,CP-PH-R01-P02-C01-B02-002,Synthetic Voter 00000296,ELIGIBLE,true,21
PH-SYN-VOTER-00000297,CP-PH-R01-P02-C01-B02-002,Synthetic Voter 00000297,ELIGIBLE,true,22
PH-SYN-VOTER-00000298,CP-PH-R01-P02-C01-B02-002,Synthetic Voter 00000298,ELIGIBLE,true,23
PH-SYN-VOTER-00000299,CP-PH-R01-P02-C01-B02-002,Synthetic Voter 00000299,ELIGIBLE,true,24
PH-SYN-VOTER-00000300,CP-PH-R01-P02-C01-B02-002,Synthetic Voter 00000300,ELIGIBLE,true,25
PH-SYN-VOTER-00000301,CP-PH-R01-P02-M01-B01-001,Synthetic Voter 00000301,ELIGIBLE,true,1
PH-SYN-VOTER-00000302,CP-PH-R01-P02-M01-B01-001,Synthetic Voter 00000302,ELIGIBLE,true,2
PH-SYN-VOTER-00000303,CP-PH-R01-P02-M01-B01-001,Synthetic Voter 00000303,ELIGIBLE,true,3
PH-SYN-VOTER-00000304,CP-PH-R01-P02-M01-B01-001,Synthetic Voter 00000304,ELIGIBLE,true,4
PH-SYN-VOTER-00000305,CP-PH-R01-P02-M01-B01-001,Synthetic Voter 00000305,ELIGIBLE,true,5
PH-SYN-VOTER-00000306,CP-PH-R01-P02-M01-B01-001,Synthetic Voter 00000306,ELIGIBLE,true,6
PH-SYN-VOTER-00000307,CP-PH-R01-P02-M01-B01-001,Synthetic Voter 00000307,ELIGIBLE,true,7
PH-SYN-VOTER-00000308,CP-PH-R01-P02-M01-B01-001,Synthetic Voter 00000308,ELIGIBLE,true,8
PH-SYN-VOTER-00000309,CP-PH-R01-P02-M01-B01-001,Synthetic Voter 00000309,ELIGIBLE,true,9
PH-SYN-VOTER-00000310,CP-PH-R01-P02-M01-B01-001,Synthetic Voter 00000310,ELIGIBLE,true,10
PH-SYN-VOTER-00000311,CP-PH-R01-P02-M01-B01-001,Synthetic Voter 00000311,ELIGIBLE,true,11
PH-SYN-VOTER-00000312,CP-PH-R01-P02-M01-B01-001,Synthetic Voter 00000312,ELIGIBLE,true,12
PH-SYN-VOTER-00000313,CP-PH-R01-P02-M01-B01-001,Synthetic Voter 00000313,ELIGIBLE,true,13
PH-SYN-VOTER-00000314,CP-PH-R01-P02-M01-B01-001,Synthetic Voter 00000314,ELIGIBLE,true,14
PH-SYN-VOTER-00000315,CP-PH-R01-P02-M01-B01-001,Synthetic Voter 00000315,ELIGIBLE,true,15
PH-SYN-VOTER-00000316,CP-PH-R01-P02-M01-B01-001,Synthetic Voter 00000316,ELIGIBLE,true,16
PH-SYN-VOTER-00000317,CP-PH-R01-P02-M01-B01-001,Synthetic Voter 00000317,ELIGIBLE,true,17
PH-SYN-VOTER-00000318,CP-PH-R01-P02-M01-B01-001,Synthetic Voter 00000318,ELIGIBLE,true,18
PH-SYN-VOTER-00000319,CP-PH-R01-P02-M01-B01-001,Synthetic Voter 00000319,ELIGIBLE,true,19
PH-SYN-VOTER-00000320,CP-PH-R01-P02-M01-B01-001,Synthetic Voter 00000320,ELIGIBLE,true,20
PH-SYN-VOTER-00000321,CP-PH-R01-P02-M01-B01-001,Synthetic Voter 00000321,ELIGIBLE,true,21
PH-SYN-VOTER-00000322,CP-PH-R01-P02-M01-B01-001,Synthetic Voter 00000322,ELIGIBLE,true,22
PH-SYN-VOTER-00000323,CP-PH-R01-P02-M01-B01-001,Synthetic Voter 00000323,ELIGIBLE,true,23
PH-SYN-VOTER-00000324,CP-PH-R01-P02-M01-B01-001,Synthetic Voter 00000324,ELIGIBLE,true,24
PH-SYN-VOTER-00000325,CP-PH-R01-P02-M01-B01-001,Synthetic Voter 00000325,ELIGIBLE,true,25
PH-SYN-VOTER-00000326,CP-PH-R01-P02-M01-B01-002,Synthetic Voter 00000326,ELIGIBLE,true,1
PH-SYN-VOTER-00000327,CP-PH-R01-P02-M01-B01-002,Synthetic Voter 00000327,ELIGIBLE,true,2
PH-SYN-VOTER-00000328,CP-PH-R01-P02-M01-B01-002,Synthetic Voter 00000328,ELIGIBLE,true,3
PH-SYN-VOTER-00000329,CP-PH-R01-P02-M01-B01-002,Synthetic Voter 00000329,ELIGIBLE,true,4
PH-SYN-VOTER-00000330,CP-PH-R01-P02-M01-B01-002,Synthetic Voter 00000330,ELIGIBLE,true,5
PH-SYN-VOTER-00000331,CP-PH-R01-P02-M01-B01-002,Synthetic Voter 00000331,ELIGIBLE,true,6
PH-SYN-VOTER-00000332,CP-PH-R01-P02-M01-B01-002,Synthetic Voter 00000332,ELIGIBLE,true,7
PH-SYN-VOTER-00000333,CP-PH-R01-P02-M01-B01-002,Synthetic Voter 00000333,ELIGIBLE,true,8
PH-SYN-VOTER-00000334,CP-PH-R01-P02-M01-B01-002,Synthetic Voter 00000334,ELIGIBLE,true,9
PH-SYN-VOTER-00000335,CP-PH-R01-P02-M01-B01-002,Synthetic Voter 00000335,ELIGIBLE,true,10
PH-SYN-VOTER-00000336,CP-PH-R01-P02-M01-B01-002,Synthetic Voter 00000336,ELIGIBLE,true,11
PH-SYN-VOTER-00000337,CP-PH-R01-P02-M01-B01-002,Synthetic Voter 00000337,ELIGIBLE,true,12
PH-SYN-VOTER-00000338,CP-PH-R01-P02-M01-B01-002,Synthetic Voter 00000338,ELIGIBLE,true,13
PH-SYN-VOTER-00000339,CP-PH-R01-P02-M01-B01-002,Synthetic Voter 00000339,ELIGIBLE,true,14
PH-SYN-VOTER-00000340,CP-PH-R01-P02-M01-B01-002,Synthetic Voter 00000340,ELIGIBLE,true,15
PH-SYN-VOTER-00000341,CP-PH-R01-P02-M01-B01-002,Synthetic Voter 00000341,ELIGIBLE,true,16
PH-SYN-VOTER-00000342,CP-PH-R01-P02-M01-B01-002,Synthetic Voter 00000342,ELIGIBLE,true,17
PH-SYN-VOTER-00000343,CP-PH-R01-P02-M01-B01-002,Synthetic Voter 00000343,ELIGIBLE,true,18
PH-SYN-VOTER-00000344,CP-PH-R01-P02-M01-B01-002,Synthetic Voter 00000344,ELIGIBLE,true,19
PH-SYN-VOTER-00000345,CP-PH-R01-P02-M01-B01-002,Synthetic Voter 00000345,ELIGIBLE,true,20
PH-SYN-VOTER-00000346,CP-PH-R01-P02-M01-B01-002,Synthetic Voter 00000346,ELIGIBLE,true,21
PH-SYN-VOTER-00000347,CP-PH-R01-P02-M01-B01-002,Synthetic Voter 00000347,ELIGIBLE,true,22
PH-SYN-VOTER-00000348,CP-PH-R01-P02-M01-B01-002,Synthetic Voter 00000348,ELIGIBLE,true,23
PH-SYN-VOTER-00000349,CP-PH-R01-P02-M01-B01-002,Synthetic Voter 00000349,ELIGIBLE,true,24
PH-SYN-VOTER-00000350,CP-PH-R01-P02-M01-B01-002,Synthetic Voter 00000350,ELIGIBLE,true,25
PH-SYN-VOTER-00000351,CP-PH-R01-P02-M01-B02-001,Synthetic Voter 00000351,ELIGIBLE,true,1
PH-SYN-VOTER-00000352,CP-PH-R01-P02-M01-B02-001,Synthetic Voter 00000352,ELIGIBLE,true,2
PH-SYN-VOTER-00000353,CP-PH-R01-P02-M01-B02-001,Synthetic Voter 00000353,ELIGIBLE,true,3
PH-SYN-VOTER-00000354,CP-PH-R01-P02-M01-B02-001,Synthetic Voter 00000354,ELIGIBLE,true,4
PH-SYN-VOTER-00000355,CP-PH-R01-P02-M01-B02-001,Synthetic Voter 00000355,ELIGIBLE,true,5
PH-SYN-VOTER-00000356,CP-PH-R01-P02-M01-B02-001,Synthetic Voter 00000356,ELIGIBLE,true,6
PH-SYN-VOTER-00000357,CP-PH-R01-P02-M01-B02-001,Synthetic Voter 00000357,ELIGIBLE,true,7
PH-SYN-VOTER-00000358,CP-PH-R01-P02-M01-B02-001,Synthetic Voter 00000358,ELIGIBLE,true,8
PH-SYN-VOTER-00000359,CP-PH-R01-P02-M01-B02-001,Synthetic Voter 00000359,ELIGIBLE,true,9
PH-SYN-VOTER-00000360,CP-PH-R01-P02-M01-B02-001,Synthetic Voter 00000360,ELIGIBLE,true,10
PH-SYN-VOTER-00000361,CP-PH-R01-P02-M01-B02-001,Synthetic Voter 00000361,ELIGIBLE,true,11
PH-SYN-VOTER-00000362,CP-PH-R01-P02-M01-B02-001,Synthetic Voter 00000362,ELIGIBLE,true,12
PH-SYN-VOTER-00000363,CP-PH-R01-P02-M01-B02-001,Synthetic Voter 00000363,ELIGIBLE,true,13
PH-SYN-VOTER-00000364,CP-PH-R01-P02-M01-B02-001,Synthetic Voter 00000364,ELIGIBLE,true,14
PH-SYN-VOTER-00000365,CP-PH-R01-P02-M01-B02-001,Synthetic Voter 00000365,ELIGIBLE,true,15
PH-SYN-VOTER-00000366,CP-PH-R01-P02-M01-B02-001,Synthetic Voter 00000366,ELIGIBLE,true,16
PH-SYN-VOTER-00000367,CP-PH-R01-P02-M01-B02-001,Synthetic Voter 00000367,ELIGIBLE,true,17
PH-SYN-VOTER-00000368,CP-PH-R01-P02-M01-B02-001,Synthetic Voter 00000368,ELIGIBLE,true,18
PH-SYN-VOTER-00000369,CP-PH-R01-P02-M01-B02-001,Synthetic Voter 00000369,ELIGIBLE,true,19
PH-SYN-VOTER-00000370,CP-PH-R01-P02-M01-B02-001,Synthetic Voter 00000370,ELIGIBLE,true,20
PH-SYN-VOTER-00000371,CP-PH-R01-P02-M01-B02-001,Synthetic Voter 00000371,ELIGIBLE,true,21
PH-SYN-VOTER-00000372,CP-PH-R01-P02-M01-B02-001,Synthetic Voter 00000372,ELIGIBLE,true,22
PH-SYN-VOTER-00000373,CP-PH-R01-P02-M01-B02-001,Synthetic Voter 00000373,ELIGIBLE,true,23
PH-SYN-VOTER-00000374,CP-PH-R01-P02-M01-B02-001,Synthetic Voter 00000374,ELIGIBLE,true,24
PH-SYN-VOTER-00000375,CP-PH-R01-P02-M01-B02-001,Synthetic Voter 00000375,ELIGIBLE,true,25
PH-SYN-VOTER-00000376,CP-PH-R01-P02-M01-B02-002,Synthetic Voter 00000376,ELIGIBLE,true,1
PH-SYN-VOTER-00000377,CP-PH-R01-P02-M01-B02-002,Synthetic Voter 00000377,ELIGIBLE,true,2
PH-SYN-VOTER-00000378,CP-PH-R01-P02-M01-B02-002,Synthetic Voter 00000378,ELIGIBLE,true,3
PH-SYN-VOTER-00000379,CP-PH-R01-P02-M01-B02-002,Synthetic Voter 00000379,ELIGIBLE,true,4
PH-SYN-VOTER-00000380,CP-PH-R01-P02-M01-B02-002,Synthetic Voter 00000380,ELIGIBLE,true,5
PH-SYN-VOTER-00000381,CP-PH-R01-P02-M01-B02-002,Synthetic Voter 00000381,ELIGIBLE,true,6
PH-SYN-VOTER-00000382,CP-PH-R01-P02-M01-B02-002,Synthetic Voter 00000382,ELIGIBLE,true,7
PH-SYN-VOTER-00000383,CP-PH-R01-P02-M01-B02-002,Synthetic Voter 00000383,ELIGIBLE,true,8
PH-SYN-VOTER-00000384,CP-PH-R01-P02-M01-B02-002,Synthetic Voter 00000384,ELIGIBLE,true,9
PH-SYN-VOTER-00000385,CP-PH-R01-P02-M01-B02-002,Synthetic Voter 00000385,ELIGIBLE,true,10
PH-SYN-VOTER-00000386,CP-PH-R01-P02-M01-B02-002,Synthetic Voter 00000386,ELIGIBLE,true,11
PH-SYN-VOTER-00000387,CP-PH-R01-P02-M01-B02-002,Synthetic Voter 00000387,ELIGIBLE,true,12
PH-SYN-VOTER-00000388,CP-PH-R01-P02-M01-B02-002,Synthetic Voter 00000388,ELIGIBLE,true,13
PH-SYN-VOTER-00000389,CP-PH-R01-P02-M01-B02-002,Synthetic Voter 00000389,ELIGIBLE,true,14
PH-SYN-VOTER-00000390,CP-PH-R01-P02-M01-B02-002,Synthetic Voter 00000390,ELIGIBLE,true,15
PH-SYN-VOTER-00000391,CP-PH-R01-P02-M01-B02-002,Synthetic Voter 00000391,ELIGIBLE,true,16
PH-SYN-VOTER-00000392,CP-PH-R01-P02-M01-B02-002,Synthetic Voter 00000392,ELIGIBLE,true,17
PH-SYN-VOTER-00000393,CP-PH-R01-P02-M01-B02-002,Synthetic Voter 00000393,ELIGIBLE,true,18
PH-SYN-VOTER-00000394,CP-PH-R01-P02-M01-B02-002,Synthetic Voter 00000394,ELIGIBLE,true,19
PH-SYN-VOTER-00000395,CP-PH-R01-P02-M01-B02-002,Synthetic Voter 00000395,ELIGIBLE,true,20
PH-SYN-VOTER-00000396,CP-PH-R01-P02-M01-B02-002,Synthetic Voter 00000396,ELIGIBLE,true,21
PH-SYN-VOTER-00000397,CP-PH-R01-P02-M01-B02-002,Synthetic Voter 00000397,ELIGIBLE,true,22
PH-SYN-VOTER-00000398,CP-PH-R01-P02-M01-B02-002,Synthetic Voter 00000398,ELIGIBLE,true,23
PH-SYN-VOTER-00000399,CP-PH-R01-P02-M01-B02-002,Synthetic Voter 00000399,ELIGIBLE,true,24
PH-SYN-VOTER-00000400,CP-PH-R01-P02-M01-B02-002,Synthetic Voter 00000400,ELIGIBLE,true,25
PH-SYN-VOTER-00000401,CP-PH-R02-P01-C01-B01-001,Synthetic Voter 00000401,ELIGIBLE,true,1
PH-SYN-VOTER-00000402,CP-PH-R02-P01-C01-B01-001,Synthetic Voter 00000402,ELIGIBLE,true,2
PH-SYN-VOTER-00000403,CP-PH-R02-P01-C01-B01-001,Synthetic Voter 00000403,ELIGIBLE,true,3
PH-SYN-VOTER-00000404,CP-PH-R02-P01-C01-B01-001,Synthetic Voter 00000404,ELIGIBLE,true,4
PH-SYN-VOTER-00000405,CP-PH-R02-P01-C01-B01-001,Synthetic Voter 00000405,ELIGIBLE,true,5
PH-SYN-VOTER-00000406,CP-PH-R02-P01-C01-B01-001,Synthetic Voter 00000406,ELIGIBLE,true,6
PH-SYN-VOTER-00000407,CP-PH-R02-P01-C01-B01-001,Synthetic Voter 00000407,ELIGIBLE,true,7
PH-SYN-VOTER-00000408,CP-PH-R02-P01-C01-B01-001,Synthetic Voter 00000408,ELIGIBLE,true,8
PH-SYN-VOTER-00000409,CP-PH-R02-P01-C01-B01-001,Synthetic Voter 00000409,ELIGIBLE,true,9
PH-SYN-VOTER-00000410,CP-PH-R02-P01-C01-B01-001,Synthetic Voter 00000410,ELIGIBLE,true,10
PH-SYN-VOTER-00000411,CP-PH-R02-P01-C01-B01-001,Synthetic Voter 00000411,ELIGIBLE,true,11
PH-SYN-VOTER-00000412,CP-PH-R02-P01-C01-B01-001,Synthetic Voter 00000412,ELIGIBLE,true,12
PH-SYN-VOTER-00000413,CP-PH-R02-P01-C01-B01-001,Synthetic Voter 00000413,ELIGIBLE,true,13
PH-SYN-VOTER-00000414,CP-PH-R02-P01-C01-B01-001,Synthetic Voter 00000414,ELIGIBLE,true,14
PH-SYN-VOTER-00000415,CP-PH-R02-P01-C01-B01-001,Synthetic Voter 00000415,ELIGIBLE,true,15
PH-SYN-VOTER-00000416,CP-PH-R02-P01-C01-B01-001,Synthetic Voter 00000416,ELIGIBLE,true,16
PH-SYN-VOTER-00000417,CP-PH-R02-P01-C01-B01-001,Synthetic Voter 00000417,ELIGIBLE,true,17
PH-SYN-VOTER-00000418,CP-PH-R02-P01-C01-B01-001,Synthetic Voter 00000418,ELIGIBLE,true,18
PH-SYN-VOTER-00000419,CP-PH-R02-P01-C01-B01-001,Synthetic Voter 00000419,ELIGIBLE,true,19
PH-SYN-VOTER-00000420,CP-PH-R02-P01-C01-B01-001,Synthetic Voter 00000420,ELIGIBLE,true,20
PH-SYN-VOTER-00000421,CP-PH-R02-P01-C01-B01-001,Synthetic Voter 00000421,ELIGIBLE,true,21
PH-SYN-VOTER-00000422,CP-PH-R02-P01-C01-B01-001,Synthetic Voter 00000422,ELIGIBLE,true,22
PH-SYN-VOTER-00000423,CP-PH-R02-P01-C01-B01-001,Synthetic Voter 00000423,ELIGIBLE,true,23
PH-SYN-VOTER-00000424,CP-PH-R02-P01-C01-B01-001,Synthetic Voter 00000424,ELIGIBLE,true,24
PH-SYN-VOTER-00000425,CP-PH-R02-P01-C01-B01-001,Synthetic Voter 00000425,ELIGIBLE,true,25
PH-SYN-VOTER-00000426,CP-PH-R02-P01-C01-B01-002,Synthetic Voter 00000426,ELIGIBLE,true,1
PH-SYN-VOTER-00000427,CP-PH-R02-P01-C01-B01-002,Synthetic Voter 00000427,ELIGIBLE,true,2
PH-SYN-VOTER-00000428,CP-PH-R02-P01-C01-B01-002,Synthetic Voter 00000428,ELIGIBLE,true,3
PH-SYN-VOTER-00000429,CP-PH-R02-P01-C01-B01-002,Synthetic Voter 00000429,ELIGIBLE,true,4
PH-SYN-VOTER-00000430,CP-PH-R02-P01-C01-B01-002,Synthetic Voter 00000430,ELIGIBLE,true,5
PH-SYN-VOTER-00000431,CP-PH-R02-P01-C01-B01-002,Synthetic Voter 00000431,ELIGIBLE,true,6
PH-SYN-VOTER-00000432,CP-PH-R02-P01-C01-B01-002,Synthetic Voter 00000432,ELIGIBLE,true,7
PH-SYN-VOTER-00000433,CP-PH-R02-P01-C01-B01-002,Synthetic Voter 00000433,ELIGIBLE,true,8
PH-SYN-VOTER-00000434,CP-PH-R02-P01-C01-B01-002,Synthetic Voter 00000434,ELIGIBLE,true,9
PH-SYN-VOTER-00000435,CP-PH-R02-P01-C01-B01-002,Synthetic Voter 00000435,ELIGIBLE,true,10
PH-SYN-VOTER-00000436,CP-PH-R02-P01-C01-B01-002,Synthetic Voter 00000436,ELIGIBLE,true,11
PH-SYN-VOTER-00000437,CP-PH-R02-P01-C01-B01-002,Synthetic Voter 00000437,ELIGIBLE,true,12
PH-SYN-VOTER-00000438,CP-PH-R02-P01-C01-B01-002,Synthetic Voter 00000438,ELIGIBLE,true,13
PH-SYN-VOTER-00000439,CP-PH-R02-P01-C01-B01-002,Synthetic Voter 00000439,ELIGIBLE,true,14
PH-SYN-VOTER-00000440,CP-PH-R02-P01-C01-B01-002,Synthetic Voter 00000440,ELIGIBLE,true,15
PH-SYN-VOTER-00000441,CP-PH-R02-P01-C01-B01-002,Synthetic Voter 00000441,ELIGIBLE,true,16
PH-SYN-VOTER-00000442,CP-PH-R02-P01-C01-B01-002,Synthetic Voter 00000442,ELIGIBLE,true,17
PH-SYN-VOTER-00000443,CP-PH-R02-P01-C01-B01-002,Synthetic Voter 00000443,ELIGIBLE,true,18
PH-SYN-VOTER-00000444,CP-PH-R02-P01-C01-B01-002,Synthetic Voter 00000444,ELIGIBLE,true,19
PH-SYN-VOTER-00000445,CP-PH-R02-P01-C01-B01-002,Synthetic Voter 00000445,ELIGIBLE,true,20
PH-SYN-VOTER-00000446,CP-PH-R02-P01-C01-B01-002,Synthetic Voter 00000446,ELIGIBLE,true,21
PH-SYN-VOTER-00000447,CP-PH-R02-P01-C01-B01-002,Synthetic Voter 00000447,ELIGIBLE,true,22
PH-SYN-VOTER-00000448,CP-PH-R02-P01-C01-B01-002,Synthetic Voter 00000448,ELIGIBLE,true,23
PH-SYN-VOTER-00000449,CP-PH-R02-P01-C01-B01-002,Synthetic Voter 00000449,ELIGIBLE,true,24
PH-SYN-VOTER-00000450,CP-PH-R02-P01-C01-B01-002,Synthetic Voter 00000450,ELIGIBLE,true,25
PH-SYN-VOTER-00000451,CP-PH-R02-P01-C01-B02-001,Synthetic Voter 00000451,ELIGIBLE,true,1
PH-SYN-VOTER-00000452,CP-PH-R02-P01-C01-B02-001,Synthetic Voter 00000452,ELIGIBLE,true,2
PH-SYN-VOTER-00000453,CP-PH-R02-P01-C01-B02-001,Synthetic Voter 00000453,ELIGIBLE,true,3
PH-SYN-VOTER-00000454,CP-PH-R02-P01-C01-B02-001,Synthetic Voter 00000454,ELIGIBLE,true,4
PH-SYN-VOTER-00000455,CP-PH-R02-P01-C01-B02-001,Synthetic Voter 00000455,ELIGIBLE,true,5
PH-SYN-VOTER-00000456,CP-PH-R02-P01-C01-B02-001,Synthetic Voter 00000456,ELIGIBLE,true,6
PH-SYN-VOTER-00000457,CP-PH-R02-P01-C01-B02-001,Synthetic Voter 00000457,ELIGIBLE,true,7
PH-SYN-VOTER-00000458,CP-PH-R02-P01-C01-B02-001,Synthetic Voter 00000458,ELIGIBLE,true,8
PH-SYN-VOTER-00000459,CP-PH-R02-P01-C01-B02-001,Synthetic Voter 00000459,ELIGIBLE,true,9
PH-SYN-VOTER-00000460,CP-PH-R02-P01-C01-B02-001,Synthetic Voter 00000460,ELIGIBLE,true,10
PH-SYN-VOTER-00000461,CP-PH-R02-P01-C01-B02-001,Synthetic Voter 00000461,ELIGIBLE,true,11
PH-SYN-VOTER-00000462,CP-PH-R02-P01-C01-B02-001,Synthetic Voter 00000462,ELIGIBLE,true,12
PH-SYN-VOTER-00000463,CP-PH-R02-P01-C01-B02-001,Synthetic Voter 00000463,ELIGIBLE,true,13
PH-SYN-VOTER-00000464,CP-PH-R02-P01-C01-B02-001,Synthetic Voter 00000464,ELIGIBLE,true,14
PH-SYN-VOTER-00000465,CP-PH-R02-P01-C01-B02-001,Synthetic Voter 00000465,ELIGIBLE,true,15
PH-SYN-VOTER-00000466,CP-PH-R02-P01-C01-B02-001,Synthetic Voter 00000466,ELIGIBLE,true,16
PH-SYN-VOTER-00000467,CP-PH-R02-P01-C01-B02-001,Synthetic Voter 00000467,ELIGIBLE,true,17
PH-SYN-VOTER-00000468,CP-PH-R02-P01-C01-B02-001,Synthetic Voter 00000468,ELIGIBLE,true,18
PH-SYN-VOTER-00000469,CP-PH-R02-P01-C01-B02-001,Synthetic Voter 00000469,ELIGIBLE,true,19
PH-SYN-VOTER-00000470,CP-PH-R02-P01-C01-B02-001,Synthetic Voter 00000470,ELIGIBLE,true,20
PH-SYN-VOTER-00000471,CP-PH-R02-P01-C01-B02-001,Synthetic Voter 00000471,ELIGIBLE,true,21
PH-SYN-VOTER-00000472,CP-PH-R02-P01-C01-B02-001,Synthetic Voter 00000472,ELIGIBLE,true,22
PH-SYN-VOTER-00000473,CP-PH-R02-P01-C01-B02-001,Synthetic Voter 00000473,ELIGIBLE,true,23
PH-SYN-VOTER-00000474,CP-PH-R02-P01-C01-B02-001,Synthetic Voter 00000474,ELIGIBLE,true,24
PH-SYN-VOTER-00000475,CP-PH-R02-P01-C01-B02-001,Synthetic Voter 00000475,ELIGIBLE,true,25
PH-SYN-VOTER-00000476,CP-PH-R02-P01-C01-B02-002,Synthetic Voter 00000476,ELIGIBLE,true,1
PH-SYN-VOTER-00000477,CP-PH-R02-P01-C01-B02-002,Synthetic Voter 00000477,ELIGIBLE,true,2
PH-SYN-VOTER-00000478,CP-PH-R02-P01-C01-B02-002,Synthetic Voter 00000478,ELIGIBLE,true,3
PH-SYN-VOTER-00000479,CP-PH-R02-P01-C01-B02-002,Synthetic Voter 00000479,ELIGIBLE,true,4
PH-SYN-VOTER-00000480,CP-PH-R02-P01-C01-B02-002,Synthetic Voter 00000480,ELIGIBLE,true,5
PH-SYN-VOTER-00000481,CP-PH-R02-P01-C01-B02-002,Synthetic Voter 00000481,ELIGIBLE,true,6
PH-SYN-VOTER-00000482,CP-PH-R02-P01-C01-B02-002,Synthetic Voter 00000482,ELIGIBLE,true,7
PH-SYN-VOTER-00000483,CP-PH-R02-P01-C01-B02-002,Synthetic Voter 00000483,ELIGIBLE,true,8
PH-SYN-VOTER-00000484,CP-PH-R02-P01-C01-B02-002,Synthetic Voter 00000484,ELIGIBLE,true,9
PH-SYN-VOTER-00000485,CP-PH-R02-P01-C01-B02-002,Synthetic Voter 00000485,ELIGIBLE,true,10
PH-SYN-VOTER-00000486,CP-PH-R02-P01-C01-B02-002,Synthetic Voter 00000486,ELIGIBLE,true,11
PH-SYN-VOTER-00000487,CP-PH-R02-P01-C01-B02-002,Synthetic Voter 00000487,ELIGIBLE,true,12
PH-SYN-VOTER-00000488,CP-PH-R02-P01-C01-B02-002,Synthetic Voter 00000488,ELIGIBLE,true,13
PH-SYN-VOTER-00000489,CP-PH-R02-P01-C01-B02-002,Synthetic Voter 00000489,ELIGIBLE,true,14
PH-SYN-VOTER-00000490,CP-PH-R02-P01-C01-B02-002,Synthetic Voter 00000490,ELIGIBLE,true,15
PH-SYN-VOTER-00000491,CP-PH-R02-P01-C01-B02-002,Synthetic Voter 00000491,ELIGIBLE,true,16
PH-SYN-VOTER-00000492,CP-PH-R02-P01-C01-B02-002,Synthetic Voter 00000492,ELIGIBLE,true,17
PH-SYN-VOTER-00000493,CP-PH-R02-P01-C01-B02-002,Synthetic Voter 00000493,ELIGIBLE,true,18
PH-SYN-VOTER-00000494,CP-PH-R02-P01-C01-B02-002,Synthetic Voter 00000494,ELIGIBLE,true,19
PH-SYN-VOTER-00000495,CP-PH-R02-P01-C01-B02-002,Synthetic Voter 00000495,ELIGIBLE,true,20
PH-SYN-VOTER-00000496,CP-PH-R02-P01-C01-B02-002,Synthetic Voter 00000496,ELIGIBLE,true,21
PH-SYN-VOTER-00000497,CP-PH-R02-P01-C01-B02-002,Synthetic Voter 00000497,ELIGIBLE,true,22
PH-SYN-VOTER-00000498,CP-PH-R02-P01-C01-B02-002,Synthetic Voter 00000498,ELIGIBLE,true,23
PH-SYN-VOTER-00000499,CP-PH-R02-P01-C01-B02-002,Synthetic Voter 00000499,ELIGIBLE,true,24
PH-SYN-VOTER-00000500,CP-PH-R02-P01-C01-B02-002,Synthetic Voter 00000500,ELIGIBLE,true,25
PH-SYN-VOTER-00000501,CP-PH-R02-P01-M01-B01-001,Synthetic Voter 00000501,ELIGIBLE,true,1
PH-SYN-VOTER-00000502,CP-PH-R02-P01-M01-B01-001,Synthetic Voter 00000502,ELIGIBLE,true,2
PH-SYN-VOTER-00000503,CP-PH-R02-P01-M01-B01-001,Synthetic Voter 00000503,ELIGIBLE,true,3
PH-SYN-VOTER-00000504,CP-PH-R02-P01-M01-B01-001,Synthetic Voter 00000504,ELIGIBLE,true,4
PH-SYN-VOTER-00000505,CP-PH-R02-P01-M01-B01-001,Synthetic Voter 00000505,ELIGIBLE,true,5
PH-SYN-VOTER-00000506,CP-PH-R02-P01-M01-B01-001,Synthetic Voter 00000506,ELIGIBLE,true,6
PH-SYN-VOTER-00000507,CP-PH-R02-P01-M01-B01-001,Synthetic Voter 00000507,ELIGIBLE,true,7
PH-SYN-VOTER-00000508,CP-PH-R02-P01-M01-B01-001,Synthetic Voter 00000508,ELIGIBLE,true,8
PH-SYN-VOTER-00000509,CP-PH-R02-P01-M01-B01-001,Synthetic Voter 00000509,ELIGIBLE,true,9
PH-SYN-VOTER-00000510,CP-PH-R02-P01-M01-B01-001,Synthetic Voter 00000510,ELIGIBLE,true,10
PH-SYN-VOTER-00000511,CP-PH-R02-P01-M01-B01-001,Synthetic Voter 00000511,ELIGIBLE,true,11
PH-SYN-VOTER-00000512,CP-PH-R02-P01-M01-B01-001,Synthetic Voter 00000512,ELIGIBLE,true,12
PH-SYN-VOTER-00000513,CP-PH-R02-P01-M01-B01-001,Synthetic Voter 00000513,ELIGIBLE,true,13
PH-SYN-VOTER-00000514,CP-PH-R02-P01-M01-B01-001,Synthetic Voter 00000514,ELIGIBLE,true,14
PH-SYN-VOTER-00000515,CP-PH-R02-P01-M01-B01-001,Synthetic Voter 00000515,ELIGIBLE,true,15
PH-SYN-VOTER-00000516,CP-PH-R02-P01-M01-B01-001,Synthetic Voter 00000516,ELIGIBLE,true,16
PH-SYN-VOTER-00000517,CP-PH-R02-P01-M01-B01-001,Synthetic Voter 00000517,ELIGIBLE,true,17
PH-SYN-VOTER-00000518,CP-PH-R02-P01-M01-B01-001,Synthetic Voter 00000518,ELIGIBLE,true,18
PH-SYN-VOTER-00000519,CP-PH-R02-P01-M01-B01-001,Synthetic Voter 00000519,ELIGIBLE,true,19
PH-SYN-VOTER-00000520,CP-PH-R02-P01-M01-B01-001,Synthetic Voter 00000520,ELIGIBLE,true,20
PH-SYN-VOTER-00000521,CP-PH-R02-P01-M01-B01-001,Synthetic Voter 00000521,ELIGIBLE,true,21
PH-SYN-VOTER-00000522,CP-PH-R02-P01-M01-B01-001,Synthetic Voter 00000522,ELIGIBLE,true,22
PH-SYN-VOTER-00000523,CP-PH-R02-P01-M01-B01-001,Synthetic Voter 00000523,ELIGIBLE,true,23
PH-SYN-VOTER-00000524,CP-PH-R02-P01-M01-B01-001,Synthetic Voter 00000524,ELIGIBLE,true,24
PH-SYN-VOTER-00000525,CP-PH-R02-P01-M01-B01-001,Synthetic Voter 00000525,ELIGIBLE,true,25
PH-SYN-VOTER-00000526,CP-PH-R02-P01-M01-B01-002,Synthetic Voter 00000526,ELIGIBLE,true,1
PH-SYN-VOTER-00000527,CP-PH-R02-P01-M01-B01-002,Synthetic Voter 00000527,ELIGIBLE,true,2
PH-SYN-VOTER-00000528,CP-PH-R02-P01-M01-B01-002,Synthetic Voter 00000528,ELIGIBLE,true,3
PH-SYN-VOTER-00000529,CP-PH-R02-P01-M01-B01-002,Synthetic Voter 00000529,ELIGIBLE,true,4
PH-SYN-VOTER-00000530,CP-PH-R02-P01-M01-B01-002,Synthetic Voter 00000530,ELIGIBLE,true,5
PH-SYN-VOTER-00000531,CP-PH-R02-P01-M01-B01-002,Synthetic Voter 00000531,ELIGIBLE,true,6
PH-SYN-VOTER-00000532,CP-PH-R02-P01-M01-B01-002,Synthetic Voter 00000532,ELIGIBLE,true,7
PH-SYN-VOTER-00000533,CP-PH-R02-P01-M01-B01-002,Synthetic Voter 00000533,ELIGIBLE,true,8
PH-SYN-VOTER-00000534,CP-PH-R02-P01-M01-B01-002,Synthetic Voter 00000534,ELIGIBLE,true,9
PH-SYN-VOTER-00000535,CP-PH-R02-P01-M01-B01-002,Synthetic Voter 00000535,ELIGIBLE,true,10
PH-SYN-VOTER-00000536,CP-PH-R02-P01-M01-B01-002,Synthetic Voter 00000536,ELIGIBLE,true,11
PH-SYN-VOTER-00000537,CP-PH-R02-P01-M01-B01-002,Synthetic Voter 00000537,ELIGIBLE,true,12
PH-SYN-VOTER-00000538,CP-PH-R02-P01-M01-B01-002,Synthetic Voter 00000538,ELIGIBLE,true,13
PH-SYN-VOTER-00000539,CP-PH-R02-P01-M01-B01-002,Synthetic Voter 00000539,ELIGIBLE,true,14
PH-SYN-VOTER-00000540,CP-PH-R02-P01-M01-B01-002,Synthetic Voter 00000540,ELIGIBLE,true,15
PH-SYN-VOTER-00000541,CP-PH-R02-P01-M01-B01-002,Synthetic Voter 00000541,ELIGIBLE,true,16
PH-SYN-VOTER-00000542,CP-PH-R02-P01-M01-B01-002,Synthetic Voter 00000542,ELIGIBLE,true,17
PH-SYN-VOTER-00000543,CP-PH-R02-P01-M01-B01-002,Synthetic Voter 00000543,ELIGIBLE,true,18
PH-SYN-VOTER-00000544,CP-PH-R02-P01-M01-B01-002,Synthetic Voter 00000544,ELIGIBLE,true,19
PH-SYN-VOTER-00000545,CP-PH-R02-P01-M01-B01-002,Synthetic Voter 00000545,ELIGIBLE,true,20
PH-SYN-VOTER-00000546,CP-PH-R02-P01-M01-B01-002,Synthetic Voter 00000546,ELIGIBLE,true,21
PH-SYN-VOTER-00000547,CP-PH-R02-P01-M01-B01-002,Synthetic Voter 00000547,ELIGIBLE,true,22
PH-SYN-VOTER-00000548,CP-PH-R02-P01-M01-B01-002,Synthetic Voter 00000548,ELIGIBLE,true,23
PH-SYN-VOTER-00000549,CP-PH-R02-P01-M01-B01-002,Synthetic Voter 00000549,ELIGIBLE,true,24
PH-SYN-VOTER-00000550,CP-PH-R02-P01-M01-B01-002,Synthetic Voter 00000550,ELIGIBLE,true,25
PH-SYN-VOTER-00000551,CP-PH-R02-P01-M01-B02-001,Synthetic Voter 00000551,ELIGIBLE,true,1
PH-SYN-VOTER-00000552,CP-PH-R02-P01-M01-B02-001,Synthetic Voter 00000552,ELIGIBLE,true,2
PH-SYN-VOTER-00000553,CP-PH-R02-P01-M01-B02-001,Synthetic Voter 00000553,ELIGIBLE,true,3
PH-SYN-VOTER-00000554,CP-PH-R02-P01-M01-B02-001,Synthetic Voter 00000554,ELIGIBLE,true,4
PH-SYN-VOTER-00000555,CP-PH-R02-P01-M01-B02-001,Synthetic Voter 00000555,ELIGIBLE,true,5
PH-SYN-VOTER-00000556,CP-PH-R02-P01-M01-B02-001,Synthetic Voter 00000556,ELIGIBLE,true,6
PH-SYN-VOTER-00000557,CP-PH-R02-P01-M01-B02-001,Synthetic Voter 00000557,ELIGIBLE,true,7
PH-SYN-VOTER-00000558,CP-PH-R02-P01-M01-B02-001,Synthetic Voter 00000558,ELIGIBLE,true,8
PH-SYN-VOTER-00000559,CP-PH-R02-P01-M01-B02-001,Synthetic Voter 00000559,ELIGIBLE,true,9
PH-SYN-VOTER-00000560,CP-PH-R02-P01-M01-B02-001,Synthetic Voter 00000560,ELIGIBLE,true,10
PH-SYN-VOTER-00000561,CP-PH-R02-P01-M01-B02-001,Synthetic Voter 00000561,ELIGIBLE,true,11
PH-SYN-VOTER-00000562,CP-PH-R02-P01-M01-B02-001,Synthetic Voter 00000562,ELIGIBLE,true,12
PH-SYN-VOTER-00000563,CP-PH-R02-P01-M01-B02-001,Synthetic Voter 00000563,ELIGIBLE,true,13
PH-SYN-VOTER-00000564,CP-PH-R02-P01-M01-B02-001,Synthetic Voter 00000564,ELIGIBLE,true,14
PH-SYN-VOTER-00000565,CP-PH-R02-P01-M01-B02-001,Synthetic Voter 00000565,ELIGIBLE,true,15
PH-SYN-VOTER-00000566,CP-PH-R02-P01-M01-B02-001,Synthetic Voter 00000566,ELIGIBLE,true,16
PH-SYN-VOTER-00000567,CP-PH-R02-P01-M01-B02-001,Synthetic Voter 00000567,ELIGIBLE,true,17
PH-SYN-VOTER-00000568,CP-PH-R02-P01-M01-B02-001,Synthetic Voter 00000568,ELIGIBLE,true,18
PH-SYN-VOTER-00000569,CP-PH-R02-P01-M01-B02-001,Synthetic Voter 00000569,ELIGIBLE,true,19
PH-SYN-VOTER-00000570,CP-PH-R02-P01-M01-B02-001,Synthetic Voter 00000570,ELIGIBLE,true,20
PH-SYN-VOTER-00000571,CP-PH-R02-P01-M01-B02-001,Synthetic Voter 00000571,ELIGIBLE,true,21
PH-SYN-VOTER-00000572,CP-PH-R02-P01-M01-B02-001,Synthetic Voter 00000572,ELIGIBLE,true,22
PH-SYN-VOTER-00000573,CP-PH-R02-P01-M01-B02-001,Synthetic Voter 00000573,ELIGIBLE,true,23
PH-SYN-VOTER-00000574,CP-PH-R02-P01-M01-B02-001,Synthetic Voter 00000574,ELIGIBLE,true,24
PH-SYN-VOTER-00000575,CP-PH-R02-P01-M01-B02-001,Synthetic Voter 00000575,ELIGIBLE,true,25
PH-SYN-VOTER-00000576,CP-PH-R02-P01-M01-B02-002,Synthetic Voter 00000576,ELIGIBLE,true,1
PH-SYN-VOTER-00000577,CP-PH-R02-P01-M01-B02-002,Synthetic Voter 00000577,ELIGIBLE,true,2
PH-SYN-VOTER-00000578,CP-PH-R02-P01-M01-B02-002,Synthetic Voter 00000578,ELIGIBLE,true,3
PH-SYN-VOTER-00000579,CP-PH-R02-P01-M01-B02-002,Synthetic Voter 00000579,ELIGIBLE,true,4
PH-SYN-VOTER-00000580,CP-PH-R02-P01-M01-B02-002,Synthetic Voter 00000580,ELIGIBLE,true,5
PH-SYN-VOTER-00000581,CP-PH-R02-P01-M01-B02-002,Synthetic Voter 00000581,ELIGIBLE,true,6
PH-SYN-VOTER-00000582,CP-PH-R02-P01-M01-B02-002,Synthetic Voter 00000582,ELIGIBLE,true,7
PH-SYN-VOTER-00000583,CP-PH-R02-P01-M01-B02-002,Synthetic Voter 00000583,ELIGIBLE,true,8
PH-SYN-VOTER-00000584,CP-PH-R02-P01-M01-B02-002,Synthetic Voter 00000584,ELIGIBLE,true,9
PH-SYN-VOTER-00000585,CP-PH-R02-P01-M01-B02-002,Synthetic Voter 00000585,ELIGIBLE,true,10
PH-SYN-VOTER-00000586,CP-PH-R02-P01-M01-B02-002,Synthetic Voter 00000586,ELIGIBLE,true,11
PH-SYN-VOTER-00000587,CP-PH-R02-P01-M01-B02-002,Synthetic Voter 00000587,ELIGIBLE,true,12
PH-SYN-VOTER-00000588,CP-PH-R02-P01-M01-B02-002,Synthetic Voter 00000588,ELIGIBLE,true,13
PH-SYN-VOTER-00000589,CP-PH-R02-P01-M01-B02-002,Synthetic Voter 00000589,ELIGIBLE,true,14
PH-SYN-VOTER-00000590,CP-PH-R02-P01-M01-B02-002,Synthetic Voter 00000590,ELIGIBLE,true,15
PH-SYN-VOTER-00000591,CP-PH-R02-P01-M01-B02-002,Synthetic Voter 00000591,ELIGIBLE,true,16
PH-SYN-VOTER-00000592,CP-PH-R02-P01-M01-B02-002,Synthetic Voter 00000592,ELIGIBLE,true,17
PH-SYN-VOTER-00000593,CP-PH-R02-P01-M01-B02-002,Synthetic Voter 00000593,ELIGIBLE,true,18
PH-SYN-VOTER-00000594,CP-PH-R02-P01-M01-B02-002,Synthetic Voter 00000594,ELIGIBLE,true,19
PH-SYN-VOTER-00000595,CP-PH-R02-P01-M01-B02-002,Synthetic Voter 00000595,ELIGIBLE,true,20
PH-SYN-VOTER-00000596,CP-PH-R02-P01-M01-B02-002,Synthetic Voter 00000596,ELIGIBLE,true,21
PH-SYN-VOTER-00000597,CP-PH-R02-P01-M01-B02-002,Synthetic Voter 00000597,ELIGIBLE,true,22
PH-SYN-VOTER-00000598,CP-PH-R02-P01-M01-B02-002,Synthetic Voter 00000598,ELIGIBLE,true,23
PH-SYN-VOTER-00000599,CP-PH-R02-P01-M01-B02-002,Synthetic Voter 00000599,ELIGIBLE,true,24
PH-SYN-VOTER-00000600,CP-PH-R02-P01-M01-B02-002,Synthetic Voter 00000600,ELIGIBLE,true,25
